codepoints,emoji-name,keywords
ğŸ»,light skin tone | skin tone | type 1â€“2,light skin tone
ğŸ¼,medium-light skin tone | skin tone | type 3,medium-light skin tone
ğŸ½,medium skin tone | skin tone | type 4,medium skin tone
ğŸ¾,medium-dark skin tone | skin tone | type 5,medium-dark skin tone
ğŸ¿,dark skin tone | skin tone | type 6,dark skin tone
ğŸ˜€,face | grin | grinning face,grinning face
ğŸ˜,beaming face with smiling eyes | eye | face | grin | smile,beaming face with smiling eyes
ğŸ˜‚,face | face with tears of joy | joy | laugh | tear,face with tears of joy
ğŸ¤£,face | floor | laugh | rolling | rolling on the floor laughing,rolling on the floor laughing
ğŸ˜ƒ,face | grinning face with big eyes | mouth | open | smile,grinning face with big eyes
ğŸ˜„,eye | face | grinning face with smiling eyes | mouth | open | smile,grinning face with smiling eyes
ğŸ˜…,cold | face | grinning face with sweat | open | smile | sweat,grinning face with sweat
ğŸ˜†,face | grinning squinting face | laugh | mouth | open | satisfied | smile,grinning squinting face
ğŸ˜‰,face | wink | winking face,winking face
ğŸ˜Š,blush | eye | face | smile | smiling face with smiling eyes,smiling face with smiling eyes
ğŸ˜‹,delicious | face | face savoring food | savouring | smile | um | yum,face savoring food
ğŸ˜,bright | cool | eye | eyewear | face | glasses | smile | smiling face with sunglasses | sun | sunglasses,smiling face with sunglasses
ğŸ˜,eye | face | love | smile | smiling face with heart-eyes,smiling face with heart-eyes
ğŸ˜˜,face | face blowing a kiss | kiss,face blowing a kiss
ğŸ˜—,face | kiss | kissing face,kissing face
ğŸ˜™,eye | face | kiss | kissing face with smiling eyes | smile,kissing face with smiling eyes
ğŸ˜š,closed | eye | face | kiss | kissing face with closed eyes,kissing face with closed eyes
â˜º,face | outlined | relaxed | smile | smiling face,smiling face
ğŸ™‚,face | slightly smiling face | smile,slightly smiling face
ğŸ¤—,face | hug | hugging,hugging face
ğŸ¤©,eyes | face | grinning | star | star-struck,star-struck
ğŸ¤”,face | thinking,thinking face
ğŸ¤¨,distrust | face with raised eyebrow | skeptic,face with raised eyebrow
ğŸ˜,deadpan | face | neutral,neutral face
ğŸ˜‘,expressionless | face | inexpressive | unexpressive,expressionless face
ğŸ˜¶,face | face without mouth | mouth | quiet | silent,face without mouth
ğŸ™„,eyes | face | face with rolling eyes | rolling,face with rolling eyes
ğŸ˜,face | smirk | smirking face,smirking face
ğŸ˜£,face | persevere | persevering face,persevering face
ğŸ˜¥,disappointed | face | relieved | sad but relieved face | whew,sad but relieved face
ğŸ˜®,face | face with open mouth | mouth | open | sympathy,face with open mouth
ğŸ¤,face | mouth | zipper | zipper-mouth face,zipper-mouth face
ğŸ˜¯,face | hushed | stunned | surprised,hushed face
ğŸ˜ª,face | sleep | sleepy face,sleepy face
ğŸ˜«,face | tired,tired face
ğŸ˜´,face | sleep | sleeping face | zzz,sleeping face
ğŸ˜Œ,face | relieved,relieved face
ğŸ˜›,face | face with tongue | tongue,face with tongue
ğŸ˜œ,eye | face | joke | tongue | wink | winking face with tongue,winking face with tongue
ğŸ˜,eye | face | horrible | squinting face with tongue | taste | tongue,squinting face with tongue
ğŸ¤¤,drooling | face,drooling face
ğŸ˜’,face | unamused | unhappy,unamused face
ğŸ˜“,cold | downcast face with sweat | face | sweat,downcast face with sweat
ğŸ˜”,dejected | face | pensive,pensive face
ğŸ˜•,confused | face,confused face
ğŸ™ƒ,face | upside-down,upside-down face
ğŸ¤‘,face | money | money-mouth face | mouth,money-mouth face
ğŸ˜²,astonished | face | shocked | totally,astonished face
â˜¹,face | frown | frowning face,frowning face
ğŸ™,face | frown | slightly frowning face,slightly frowning face
ğŸ˜–,confounded | face,confounded face
ğŸ˜,disappointed | face,disappointed face
ğŸ˜Ÿ,face | worried,worried face
ğŸ˜¤,face | face with steam from nose | triumph | won,face with steam from nose
ğŸ˜¢,cry | crying face | face | sad | tear,crying face
ğŸ˜­,cry | face | loudly crying face | sad | sob | tear,loudly crying face
ğŸ˜¦,face | frown | frowning face with open mouth | mouth | open,frowning face with open mouth
ğŸ˜§,anguished | face,anguished face
ğŸ˜¨,face | fear | fearful | scared,fearful face
ğŸ˜©,face | tired | weary,weary face
ğŸ¤¯,exploding head | shocked,exploding head
ğŸ˜¬,face | grimace | grimacing face,grimacing face
ğŸ˜°,anxious face with sweat | blue | cold | face | mouth | open | rushed | sweat,anxious face with sweat
ğŸ˜±,face | face screaming in fear | fear | fearful | munch | scared | scream,face screaming in fear
ğŸ˜³,dazed | face | flushed,flushed face
ğŸ¤ª,eye | goofy | large | small | zany face,zany face
ğŸ˜µ,dizzy | face,dizzy face
ğŸ˜¡,angry | face | mad | pouting | rage | red,pouting face
ğŸ˜ ,angry | face | mad,angry face
ğŸ¤¬,face with symbols on mouth | swearing,face with symbols on mouth
ğŸ˜·,cold | doctor | face | face with medical mask | mask | medicine | sick,face with medical mask
ğŸ¤’,face | face with thermometer | ill | sick | thermometer,face with thermometer
ğŸ¤•,bandage | face | face with head-bandage | hurt | injury,face with head-bandage
ğŸ¤¢,face | nauseated | vomit,nauseated face
ğŸ¤®,face vomiting | sick | vomit,face vomiting
ğŸ¤§,face | gesundheit | sneeze | sneezing face,sneezing face
ğŸ˜‡,angel | face | fairy tale | fantasy | halo | innocent | smile | smiling face with halo,smiling face with halo
ğŸ¤ ,cowboy | cowgirl | face | hat,cowboy hat face
ğŸ¤¡,clown | face,clown face
ğŸ¤¥,face | lie | lying face | pinocchio,lying face
ğŸ¤«,quiet | shush | shushing face,shushing face
ğŸ¤­,face with hand over mouth | whoops,face with hand over mouth
ğŸ§,face with monocle | stuffy,face with monocle
ğŸ¤“,face | geek | nerd,nerd face
ğŸ˜ˆ,face | fairy tale | fantasy | horns | smile | smiling face with horns,smiling face with horns
ğŸ‘¿,angry face with horns | demon | devil | face | fairy tale | fantasy | imp,angry face with horns
ğŸ‘¹,creature | face | fairy tale | fantasy | monster | ogre,ogre
ğŸ‘º,creature | face | fairy tale | fantasy | goblin | monster,goblin
ğŸ’€,death | face | fairy tale | monster | skull,skull
â˜ ,crossbones | death | face | monster | skull | skull and crossbones,skull and crossbones
ğŸ‘»,creature | face | fairy tale | fantasy | ghost | monster,ghost
ğŸ‘½,alien | creature | extraterrestrial | face | fairy tale | fantasy | monster | ufo,alien
ğŸ‘¾,alien | creature | extraterrestrial | face | fairy tale | fantasy | monster | ufo,alien monster
ğŸ¤–,face | monster | robot,robot face
ğŸ’©,comic | dung | face | monster | pile of poo | poo | poop,pile of poo
ğŸ˜º,cat | face | grinning cat face | mouth | open | smile,grinning cat face
ğŸ˜¸,cat | eye | face | grin | grinning cat face with smiling eyes | smile,grinning cat face with smiling eyes
ğŸ˜¹,cat | cat face with tears of joy | face | joy | tear,cat face with tears of joy
ğŸ˜»,cat | eye | face | love | smile | smiling cat face with heart-eyes,smiling cat face with heart-eyes
ğŸ˜¼,cat | cat face with wry smile | face | ironic | smile | wry,cat face with wry smile
ğŸ˜½,cat | eye | face | kiss | kissing cat face,kissing cat face
ğŸ™€,cat | face | oh | surprised | weary,weary cat face
ğŸ˜¿,cat | cry | crying cat face | face | sad | tear,crying cat face
ğŸ˜¾,cat | face | pouting,pouting cat face
ğŸ™ˆ,evil | face | forbidden | gesture | monkey | no | not | prohibited | see | see-no-evil monkey,see-no-evil monkey
ğŸ™‰,evil | face | forbidden | gesture | hear | hear-no-evil monkey | monkey | no | not | prohibited,hear-no-evil monkey
ğŸ™Š,evil | face | forbidden | gesture | monkey | no | not | prohibited | speak | speak-no-evil monkey,speak-no-evil monkey
ğŸ‘¶,baby | young,baby
ğŸ§’,child | gender-neutral | young,child
ğŸ‘¦,boy | young,boy
ğŸ‘§,girl | Virgo | young | zodiac,girl
ğŸ§‘,adult | gender-neutral,adult
ğŸ‘¨,man,man
ğŸ‘©,woman,woman
ğŸ§“,gender-neutral | old | older adult,older adult
ğŸ‘´,man | old,old man
ğŸ‘µ,old | woman,old woman
ğŸ‘¨â€âš•,doctor | healthcare | man | man health worker | nurse | therapist,man health worker
ğŸ‘©â€âš•,doctor | healthcare | nurse | therapist | woman | woman health worker,woman health worker
ğŸ‘¨â€ğŸ“,graduate | man | student,man student
ğŸ‘©â€ğŸ“,graduate | student | woman,woman student
ğŸ‘¨â€ğŸ«,instructor | man | professor | teacher,man teacher
ğŸ‘©â€ğŸ«,instructor | professor | teacher | woman,woman teacher
ğŸ‘¨â€âš–,justice | man | man judge | scales,man judge
ğŸ‘©â€âš–,judge | scales | woman,woman judge
ğŸ‘¨â€ğŸŒ¾,farmer | gardener | man | rancher,man farmer
ğŸ‘©â€ğŸŒ¾,farmer | gardener | rancher | woman,woman farmer
ğŸ‘¨â€ğŸ³,chef | cook | man,man cook
ğŸ‘©â€ğŸ³,chef | cook | woman,woman cook
ğŸ‘¨â€ğŸ”§,electrician | man | mechanic | plumber | tradesperson,man mechanic
ğŸ‘©â€ğŸ”§,electrician | mechanic | plumber | tradesperson | woman,woman mechanic
ğŸ‘¨â€ğŸ­,assembly | factory | industrial | man | worker,man factory worker
ğŸ‘©â€ğŸ­,assembly | factory | industrial | woman | worker,woman factory worker
ğŸ‘¨â€ğŸ’¼,architect | business | man | man office worker | manager | office | white-collar,man office worker
ğŸ‘©â€ğŸ’¼,architect | business | manager | office | white-collar | woman | woman office worker,woman office worker
ğŸ‘¨â€ğŸ”¬,biologist | chemist | engineer | man | mathematician | physicist | scientist,man scientist
ğŸ‘©â€ğŸ”¬,biologist | chemist | engineer | mathematician | physicist | scientist | woman,woman scientist
ğŸ‘¨â€ğŸ’»,coder | developer | inventor | man | software | technologist,man technologist
ğŸ‘©â€ğŸ’»,coder | developer | inventor | software | technologist | woman,woman technologist
ğŸ‘¨â€ğŸ¤,actor | entertainer | man | rock | singer | star,man singer
ğŸ‘©â€ğŸ¤,actor | entertainer | rock | singer | star | woman,woman singer
ğŸ‘¨â€ğŸ¨,artist | man | palette,man artist
ğŸ‘©â€ğŸ¨,artist | palette | woman,woman artist
ğŸ‘¨â€âœˆ,man | pilot | plane,man pilot
ğŸ‘©â€âœˆ,pilot | plane | woman,woman pilot
ğŸ‘¨â€ğŸš€,astronaut | man | rocket,man astronaut
ğŸ‘©â€ğŸš€,astronaut | rocket | woman,woman astronaut
ğŸ‘¨â€ğŸš’,firefighter | firetruck | man,man firefighter
ğŸ‘©â€ğŸš’,firefighter | firetruck | woman,woman firefighter
ğŸ‘®,cop | officer | police,police officer
ğŸ‘®â€â™‚,cop | man | officer | police,man police officer
ğŸ‘®â€â™€,cop | officer | police | woman,woman police officer
ğŸ•µ,detective | sleuth | spy,detective
ğŸ•µâ€â™‚,detective | man | sleuth | spy,man detective
ğŸ•µâ€â™€,detective | sleuth | spy | woman,woman detective
ğŸ’‚,guard,guard
ğŸ’‚â€â™‚,guard | man,man guard
ğŸ’‚â€â™€,guard | woman,woman guard
ğŸ‘·,construction | hat | worker,construction worker
ğŸ‘·â€â™‚,construction | man | worker,man construction worker
ğŸ‘·â€â™€,construction | woman | worker,woman construction worker
ğŸ¤´,prince,prince
ğŸ‘¸,fairy tale | fantasy | princess,princess
ğŸ‘³,person wearing turban | turban,person wearing turban
ğŸ‘³â€â™‚,man | man wearing turban | turban,man wearing turban
ğŸ‘³â€â™€,turban | woman | woman wearing turban,woman wearing turban
ğŸ‘²,gua pi mao | hat | man | man with Chinese cap,man with Chinese cap
ğŸ§•,headscarf | hijab | mantilla | tichel | woman with headscarf,woman with headscarf
ğŸ§”,beard | bearded person,bearded person
ğŸ‘±,blond | blond-haired person,blond-haired person
ğŸ‘±â€â™‚,blond | blond-haired man | man,blond-haired man
ğŸ‘±â€â™€,blond-haired woman | blonde | woman,blond-haired woman
ğŸ¤µ,groom | man | man in tuxedo | tuxedo,man in tuxedo
ğŸ‘°,bride | bride with veil | veil | wedding,bride with veil
ğŸ¤°,pregnant | woman,pregnant woman
ğŸ¤±,baby | breast | breast-feeding | nursing,breast-feeding
ğŸ‘¼,angel | baby | face | fairy tale | fantasy,baby angel
ğŸ…,celebration | Christmas | claus | father | santa | Santa Claus,Santa Claus
ğŸ¤¶,celebration | Christmas | claus | mother | Mrs. | Mrs. Claus,Mrs. Claus
ğŸ§™,mage | sorcerer | sorceress | witch | wizard,mage
ğŸ§™â€â™€,sorceress | witch | woman mage,woman mage
ğŸ§™â€â™‚,man mage | sorcerer | wizard,man mage
ğŸ§š,fairy | Oberon | Puck | Titania,fairy
ğŸ§šâ€â™€,Titania | woman fairy,woman fairy
ğŸ§šâ€â™‚,man fairy | Oberon | Puck,man fairy
ğŸ§›,Dracula | undead | vampire,vampire
ğŸ§›â€â™€,undead | woman vampire,woman vampire
ğŸ§›â€â™‚,Dracula | man vampire | undead,man vampire
ğŸ§œ,mermaid | merman | merperson | merwoman,merperson
ğŸ§œâ€â™€,mermaid | merwoman,mermaid
ğŸ§œâ€â™‚,merman | Triton,merman
ğŸ§,elf | magical,elf
ğŸ§â€â™€,magical | woman elf,woman elf
ğŸ§â€â™‚,magical | man elf,man elf
ğŸ§,djinn | genie,genie
ğŸ§â€â™€,djinn | woman genie,woman genie
ğŸ§â€â™‚,djinn | man genie,man genie
ğŸ§Ÿ,undead | walking dead | zombie,zombie
ğŸ§Ÿâ€â™€,undead | walking dead | woman zombie,woman zombie
ğŸ§Ÿâ€â™‚,man zombie | undead | walking dead,man zombie
ğŸ™,frown | gesture | person frowning,person frowning
ğŸ™â€â™‚,frowning | gesture | man,man frowning
ğŸ™â€â™€,frowning | gesture | woman,woman frowning
ğŸ™,gesture | person pouting | pouting,person pouting
ğŸ™â€â™‚,gesture | man | pouting,man pouting
ğŸ™â€â™€,gesture | pouting | woman,woman pouting
ğŸ™…,forbidden | gesture | hand | no | not | person gesturing NO | prohibited,person gesturing NO
ğŸ™…â€â™‚,forbidden | gesture | hand | man | man gesturing NO | no | prohibited,man gesturing NO
ğŸ™…â€â™€,forbidden | gesture | hand | no | prohibited | woman | woman gesturing NO,woman gesturing NO
ğŸ™†,gesture | hand | OK | person gesturing OK,person gesturing OK
ğŸ™†â€â™‚,gesture | hand | man | man gesturing OK | OK,man gesturing OK
ğŸ™†â€â™€,gesture | hand | OK | woman | woman gesturing OK,woman gesturing OK
ğŸ’,hand | help | information | person tipping hand | sassy | tipping,person tipping hand
ğŸ’â€â™‚,man | man tipping hand | sassy | tipping hand,man tipping hand
ğŸ’â€â™€,sassy | tipping hand | woman | woman tipping hand,woman tipping hand
ğŸ™‹,gesture | hand | happy | person raising hand | raised,person raising hand
ğŸ™‹â€â™‚,gesture | man | man raising hand | raising hand,man raising hand
ğŸ™‹â€â™€,gesture | raising hand | woman | woman raising hand,woman raising hand
ğŸ™‡,apology | bow | gesture | person bowing | sorry,person bowing
ğŸ™‡â€â™‚,apology | bowing | favor | gesture | man | sorry,man bowing
ğŸ™‡â€â™€,apology | bowing | favor | gesture | sorry | woman,woman bowing
ğŸ¤¦,disbelief | exasperation | face | palm | person facepalming,person facepalming
ğŸ¤¦â€â™‚,disbelief | exasperation | facepalm | man | man facepalming,man facepalming
ğŸ¤¦â€â™€,disbelief | exasperation | facepalm | woman | woman facepalming,woman facepalming
ğŸ¤·,doubt | ignorance | indifference | person shrugging | shrug,person shrugging
ğŸ¤·â€â™‚,doubt | ignorance | indifference | man | man shrugging | shrug,man shrugging
ğŸ¤·â€â™€,doubt | ignorance | indifference | shrug | woman | woman shrugging,woman shrugging
ğŸ’†,face | massage | person getting massage | salon,person getting massage
ğŸ’†â€â™‚,face | man | man getting massage | massage,man getting massage
ğŸ’†â€â™€,face | massage | woman | woman getting massage,woman getting massage
ğŸ’‡,barber | beauty | haircut | parlor | person getting haircut,person getting haircut
ğŸ’‡â€â™‚,haircut | man | man getting haircut,man getting haircut
ğŸ’‡â€â™€,haircut | woman | woman getting haircut,woman getting haircut
ğŸš¶,hike | person walking | walk | walking,person walking
ğŸš¶â€â™‚,hike | man | man walking | walk,man walking
ğŸš¶â€â™€,hike | walk | woman | woman walking,woman walking
ğŸƒ,marathon | person running | running,person running
ğŸƒâ€â™‚,man | marathon | racing | running,man running
ğŸƒâ€â™€,marathon | racing | running | woman,woman running
ğŸ’ƒ,dancing | woman,woman dancing
ğŸ•º,dance | man | man dancing,man dancing
ğŸ‘¯,bunny ear | dancer | partying | people with bunny ears,people with bunny ears
ğŸ‘¯â€â™‚,bunny ear | dancer | men | men with bunny ears | partying,men with bunny ears
ğŸ‘¯â€â™€,bunny ear | dancer | partying | women | women with bunny ears,women with bunny ears
ğŸ§–,person in steamy room | sauna | steam room,person in steamy room
ğŸ§–â€â™€,sauna | steam room | woman in steamy room,woman in steamy room
ğŸ§–â€â™‚,man in steamy room | sauna | steam room,man in steamy room
ğŸ§—,climber | person climbing,person climbing
ğŸ§—â€â™€,climber | woman climbing,woman climbing
ğŸ§—â€â™‚,climber | man climbing,man climbing
ğŸ§˜,meditation | person in lotus position | yoga,person in lotus position
ğŸ§˜â€â™€,meditation | woman in lotus position | yoga,woman in lotus position
ğŸ§˜â€â™‚,man in lotus position | meditation | yoga,man in lotus position
ğŸ›€,bath | bathtub | person taking bath,person taking bath
ğŸ›Œ,hotel | person in bed | sleep,person in bed
ğŸ•´,business | man | man in suit levitating | suit,man in suit levitating
ğŸ—£,face | head | silhouette | speak | speaking,speaking head
ğŸ‘¤,bust | bust in silhouette | silhouette,bust in silhouette
ğŸ‘¥,bust | busts in silhouette | silhouette,busts in silhouette
ğŸ¤º,fencer | fencing | person fencing | sword,person fencing
ğŸ‡,horse | jockey | racehorse | racing,horse racing
â›·,ski | skier | snow,skier
ğŸ‚,ski | snow | snowboard | snowboarder,snowboarder
ğŸŒ,ball | golf | person golfing,person golfing
ğŸŒâ€â™‚,golf | man | man golfing,man golfing
ğŸŒâ€â™€,golf | woman | woman golfing,woman golfing
ğŸ„,person surfing | surfing,person surfing
ğŸ„â€â™‚,man | surfing,man surfing
ğŸ„â€â™€,surfing | woman,woman surfing
ğŸš£,boat | person rowing boat | rowboat,person rowing boat
ğŸš£â€â™‚,boat | man | man rowing boat | rowboat,man rowing boat
ğŸš£â€â™€,boat | rowboat | woman | woman rowing boat,woman rowing boat
ğŸŠ,person swimming | swim,person swimming
ğŸŠâ€â™‚,man | man swimming | swim,man swimming
ğŸŠâ€â™€,swim | woman | woman swimming,woman swimming
â›¹,ball | person bouncing ball,person bouncing ball
â›¹â€â™‚,ball | man | man bouncing ball,man bouncing ball
â›¹â€â™€,ball | woman | woman bouncing ball,woman bouncing ball
ğŸ‹,lifter | person lifting weights | weight,person lifting weights
ğŸ‹â€â™‚,man | man lifting weights | weight lifter,man lifting weights
ğŸ‹â€â™€,weight lifter | woman | woman lifting weights,woman lifting weights
ğŸš´,bicycle | biking | cyclist | person biking,person biking
ğŸš´â€â™‚,bicycle | biking | cyclist | man,man biking
ğŸš´â€â™€,bicycle | biking | cyclist | woman,woman biking
ğŸšµ,bicycle | bicyclist | bike | cyclist | mountain | person mountain biking,person mountain biking
ğŸšµâ€â™‚,bicycle | bike | cyclist | man | man mountain biking | mountain,man mountain biking
ğŸšµâ€â™€,bicycle | bike | biking | cyclist | mountain | woman,woman mountain biking
ğŸ,car | racing,racing car
ğŸ,motorcycle | racing,motorcycle
ğŸ¤¸,cartwheel | gymnastics | person cartwheeling,person cartwheeling
ğŸ¤¸â€â™‚,cartwheel | gymnastics | man | man cartwheeling,man cartwheeling
ğŸ¤¸â€â™€,cartwheel | gymnastics | woman | woman cartwheeling,woman cartwheeling
ğŸ¤¼,people wrestling | wrestle | wrestler,people wrestling
ğŸ¤¼â€â™‚,men | men wrestling | wrestle,men wrestling
ğŸ¤¼â€â™€,women | women wrestling | wrestle,women wrestling
ğŸ¤½,person playing water polo | polo | water,person playing water polo
ğŸ¤½â€â™‚,man | man playing water polo | water polo,man playing water polo
ğŸ¤½â€â™€,water polo | woman | woman playing water polo,woman playing water polo
ğŸ¤¾,ball | handball | person playing handball,person playing handball
ğŸ¤¾â€â™‚,handball | man | man playing handball,man playing handball
ğŸ¤¾â€â™€,handball | woman | woman playing handball,woman playing handball
ğŸ¤¹,balance | juggle | multitask | person juggling | skill,person juggling
ğŸ¤¹â€â™‚,juggling | man | multitask,man juggling
ğŸ¤¹â€â™€,juggling | multitask | woman,woman juggling
ğŸ‘«,couple | hand | hold | man | man and woman holding hands | woman,man and woman holding hands
ğŸ‘¬,couple | Gemini | hand | hold | man | twins | two men holding hands | zodiac,two men holding hands
ğŸ‘­,couple | hand | hold | two women holding hands | woman,two women holding hands
ğŸ’,couple | kiss,kiss
ğŸ’‘,couple | couple with heart | love,couple with heart
ğŸ‘ª,family,family
ğŸ¤³,camera | phone | selfie,selfie
ğŸ’ª,biceps | comic | flex | flexed biceps | muscle,flexed biceps
ğŸ‘ˆ,backhand | backhand index pointing left | finger | hand | index | point,backhand index pointing left
ğŸ‘‰,backhand | backhand index pointing right | finger | hand | index | point,backhand index pointing right
â˜,finger | hand | index | index pointing up | point | up,index pointing up
ğŸ‘†,backhand | backhand index pointing up | finger | hand | index | point | up,backhand index pointing up
ğŸ–•,finger | hand | middle finger,middle finger
ğŸ‘‡,backhand | backhand index pointing down | down | finger | hand | index | point,backhand index pointing down
âœŒ,hand | v | victory,victory hand
ğŸ¤,cross | crossed fingers | finger | hand | luck,crossed fingers
ğŸ––,finger | hand | spock | vulcan | vulcan salute,vulcan salute
ğŸ¤˜,finger | hand | horns | rock-on | sign of the horns,sign of the horns
ğŸ¤™,call | call me hand | hand,call me hand
ğŸ–,finger | hand | hand with fingers splayed | splayed,hand with fingers splayed
âœ‹,hand | raised hand,raised hand
ğŸ‘Œ,hand | OK,OK hand
ğŸ‘,+1 | hand | thumb | thumbs up | up,thumbs up
ğŸ‘,-1 | down | hand | thumb | thumbs down,thumbs down
âœŠ,clenched | fist | hand | punch | raised fist,raised fist
ğŸ‘Š,clenched | fist | hand | oncoming fist | punch,oncoming fist
ğŸ¤›,fist | left-facing fist | leftwards,left-facing fist
ğŸ¤œ,fist | right-facing fist | rightwards,right-facing fist
ğŸ¤š,backhand | raised | raised back of hand,raised back of hand
ğŸ‘‹,hand | wave | waving,waving hand
ğŸ¤Ÿ,hand | ILY | love-you gesture,love-you gesture
âœ,hand | write | writing hand,writing hand
ğŸ‘,clap | clapping hands | hand,clapping hands
ğŸ‘,hand | open | open hands,open hands
ğŸ™Œ,celebration | gesture | hand | hooray | raised | raising hands,raising hands
ğŸ¤²,palms up together | prayer,palms up together
ğŸ™,ask | bow | folded | folded hands | gesture | hand | please | pray | thanks,folded hands
ğŸ¤,agreement | hand | handshake | meeting | shake,handshake
ğŸ’…,care | cosmetics | manicure | nail | polish,nail polish
ğŸ‘‚,body | ear,ear
ğŸ‘ƒ,body | nose,nose
ğŸ‘£,clothing | footprint | footprints | print,footprints
ğŸ‘€,eye | eyes | face,eyes
ğŸ‘,body | eye,eye
ğŸ‘â€ğŸ—¨,eye | eye in speech bubble | speech bubble | witness,eye in speech bubble
ğŸ§ ,brain | intelligent,brain
ğŸ‘…,body | tongue,tongue
ğŸ‘„,lips | mouth,mouth
ğŸ’‹,kiss | kiss mark | lips,kiss mark
ğŸ’˜,arrow | cupid | heart with arrow,heart with arrow
â¤,heart | red heart,red heart
ğŸ’“,beating | beating heart | heartbeat | pulsating,beating heart
ğŸ’”,break | broken | broken heart,broken heart
ğŸ’•,love | two hearts,two hearts
ğŸ’–,excited | sparkle | sparkling heart,sparkling heart
ğŸ’—,excited | growing | growing heart | nervous | pulse,growing heart
ğŸ’™,blue | blue heart,blue heart
ğŸ’š,green | green heart,green heart
ğŸ’›,yellow | yellow heart,yellow heart
ğŸ§¡,orange | orange heart,orange heart
ğŸ’œ,purple | purple heart,purple heart
ğŸ–¤,black | black heart | evil | wicked,black heart
ğŸ’,heart with ribbon | ribbon | valentine,heart with ribbon
ğŸ’,revolving | revolving hearts,revolving hearts
ğŸ’Ÿ,heart | heart decoration,heart decoration
â£,exclamation | heavy heart exclamation | mark | punctuation,heavy heart exclamation
ğŸ’Œ,heart | letter | love | mail,love letter
ğŸ’¤,comic | sleep | zzz,zzz
ğŸ’¢,anger symbol | angry | comic | mad,anger symbol
ğŸ’£,bomb | comic,bomb
ğŸ’¥,boom | collision | comic,collision
ğŸ’¦,comic | splashing | sweat | sweat droplets,sweat droplets
ğŸ’¨,comic | dash | dashing away | running,dashing away
ğŸ’«,comic | dizzy | star,dizzy
ğŸ’¬,balloon | bubble | comic | dialog | speech,speech balloon
ğŸ—¨,dialog | left speech bubble | speech,left speech bubble
ğŸ—¯,angry | balloon | bubble | mad | right anger bubble,right anger bubble
ğŸ’­,balloon | bubble | comic | thought,thought balloon
ğŸ•³,hole,hole
ğŸ‘“,clothing | eye | eyeglasses | eyewear | glasses,glasses
ğŸ•¶,dark | eye | eyewear | glasses | sunglasses,sunglasses
ğŸ‘”,clothing | necktie | tie,necktie
ğŸ‘•,clothing | shirt | t-shirt | tshirt,t-shirt
ğŸ‘–,clothing | jeans | pants | trousers,jeans
ğŸ§£,neck | scarf,scarf
ğŸ§¤,gloves | hand,gloves
ğŸ§¥,coat | jacket,coat
ğŸ§¦,socks | stocking,socks
ğŸ‘—,clothing | dress,dress
ğŸ‘˜,clothing | kimono,kimono
ğŸ‘™,bikini | clothing | swim,bikini
ğŸ‘š,clothing | woman | womanâ€™s clothes,womanâ€™s clothes
ğŸ‘›,clothing | coin | purse,purse
ğŸ‘œ,bag | clothing | handbag | purse,handbag
ğŸ‘,bag | clothing | clutch bag | pouch,clutch bag
ğŸ›,bag | hotel | shopping | shopping bags,shopping bags
ğŸ’,backpack | bag | rucksack | satchel | school,backpack
ğŸ‘,clothing | man | manâ€™s shoe | shoe,manâ€™s shoe
ğŸ‘Ÿ,athletic | clothing | running shoe | shoe | sneaker,running shoe
ğŸ‘ ,clothing | heel | high-heeled shoe | shoe | woman,high-heeled shoe
ğŸ‘¡,clothing | sandal | shoe | woman | womanâ€™s sandal,womanâ€™s sandal
ğŸ‘¢,boot | clothing | shoe | woman | womanâ€™s boot,womanâ€™s boot
ğŸ‘‘,clothing | crown | king | queen,crown
ğŸ‘’,clothing | hat | woman | womanâ€™s hat,womanâ€™s hat
ğŸ©,clothing | hat | top | tophat,top hat
ğŸ“,cap | celebration | clothing | graduation | hat,graduation cap
ğŸ§¢,baseball cap | billed cap,billed cap
â›‘,aid | cross | face | hat | helmet | rescue workerâ€™s helmet,rescue workerâ€™s helmet
ğŸ“¿,beads | clothing | necklace | prayer | religion,prayer beads
ğŸ’„,cosmetics | lipstick | makeup,lipstick
ğŸ’,diamond | ring,ring
ğŸ’,diamond | gem | gem stone | jewel,gem stone
ğŸµ,face | monkey,monkey face
ğŸ’,monkey,monkey
ğŸ¦,gorilla,gorilla
ğŸ¶,dog | face | pet,dog face
ğŸ•,dog | pet,dog
ğŸ©,dog | poodle,poodle
ğŸº,face | wolf,wolf face
ğŸ¦Š,face | fox,fox face
ğŸ±,cat | face | pet,cat face
ğŸˆ,cat | pet,cat
ğŸ¦,face | Leo | lion | zodiac,lion face
ğŸ¯,face | tiger,tiger face
ğŸ…,tiger,tiger
ğŸ†,leopard,leopard
ğŸ´,face | horse,horse face
ğŸ,equestrian | horse | racehorse | racing,horse
ğŸ¦„,face | unicorn,unicorn face
ğŸ¦“,stripe | zebra,zebra
ğŸ¦Œ,deer,deer
ğŸ®,cow | face,cow face
ğŸ‚,bull | ox | Taurus | zodiac,ox
ğŸƒ,buffalo | water,water buffalo
ğŸ„,cow,cow
ğŸ·,face | pig,pig face
ğŸ–,pig | sow,pig
ğŸ—,boar | pig,boar
ğŸ½,face | nose | pig,pig nose
ğŸ,Aries | male | ram | sheep | zodiac,ram
ğŸ‘,ewe | female | sheep,ewe
ğŸ,Capricorn | goat | zodiac,goat
ğŸª,camel | dromedary | hump,camel
ğŸ«,bactrian | camel | hump | two-hump camel,two-hump camel
ğŸ¦’,giraffe | spots,giraffe
ğŸ˜,elephant,elephant
ğŸ¦,rhinoceros,rhinoceros
ğŸ­,face | mouse,mouse face
ğŸ,mouse,mouse
ğŸ€,rat,rat
ğŸ¹,face | hamster | pet,hamster face
ğŸ°,bunny | face | pet | rabbit,rabbit face
ğŸ‡,bunny | pet | rabbit,rabbit
ğŸ¿,chipmunk | squirrel,chipmunk
ğŸ¦”,hedgehog | spiny,hedgehog
ğŸ¦‡,bat | vampire,bat
ğŸ»,bear | face,bear face
ğŸ¨,bear | koala,koala
ğŸ¼,face | panda,panda face
ğŸ¾,feet | paw | paw prints | print,paw prints
ğŸ¦ƒ,bird | turkey,turkey
ğŸ”,bird | chicken,chicken
ğŸ“,bird | rooster,rooster
ğŸ£,baby | bird | chick | hatching,hatching chick
ğŸ¤,baby | bird | chick,baby chick
ğŸ¥,baby | bird | chick | front-facing baby chick,front-facing baby chick
ğŸ¦,bird,bird
ğŸ§,bird | penguin,penguin
ğŸ•Š,bird | dove | fly | peace,dove
ğŸ¦…,bird | eagle,eagle
ğŸ¦†,bird | duck,duck
ğŸ¦‰,bird | owl | wise,owl
ğŸ¸,face | frog,frog face
ğŸŠ,crocodile,crocodile
ğŸ¢,terrapin | tortoise | turtle,turtle
ğŸ¦,lizard | reptile,lizard
ğŸ,bearer | Ophiuchus | serpent | snake | zodiac,snake
ğŸ²,dragon | face | fairy tale,dragon face
ğŸ‰,dragon | fairy tale,dragon
ğŸ¦•,brachiosaurus | brontosaurus | diplodocus | sauropod,sauropod
ğŸ¦–,T-Rex | Tyrannosaurus Rex,T-Rex
ğŸ³,face | spouting | whale,spouting whale
ğŸ‹,whale,whale
ğŸ¬,dolphin | flipper,dolphin
ğŸŸ,fish | Pisces | zodiac,fish
ğŸ ,fish | tropical,tropical fish
ğŸ¡,blowfish | fish,blowfish
ğŸ¦ˆ,fish | shark,shark
ğŸ™,octopus,octopus
ğŸš,shell | spiral,spiral shell
ğŸ¦€,Cancer | crab | zodiac,crab
ğŸ¦,food | shellfish | shrimp | small,shrimp
ğŸ¦‘,food | molusc | squid,squid
ğŸŒ,snail,snail
ğŸ¦‹,butterfly | insect | pretty,butterfly
ğŸ›,bug | insect,bug
ğŸœ,ant | insect,ant
ğŸ,bee | honeybee | insect,honeybee
ğŸ,beetle | insect | lady beetle | ladybird | ladybug,lady beetle
ğŸ¦—,cricket | grasshopper,cricket
ğŸ•·,insect | spider,spider
ğŸ•¸,spider | web,spider web
ğŸ¦‚,scorpio | Scorpio | scorpion | zodiac,scorpion
ğŸ’,bouquet | flower,bouquet
ğŸŒ¸,blossom | cherry | flower,cherry blossom
ğŸ’®,flower | white flower,white flower
ğŸµ,plant | rosette,rosette
ğŸŒ¹,flower | rose,rose
ğŸ¥€,flower | wilted,wilted flower
ğŸŒº,flower | hibiscus,hibiscus
ğŸŒ»,flower | sun | sunflower,sunflower
ğŸŒ¼,blossom | flower,blossom
ğŸŒ·,flower | tulip,tulip
ğŸŒ±,seedling | young,seedling
ğŸŒ²,evergreen tree | tree,evergreen tree
ğŸŒ³,deciduous | shedding | tree,deciduous tree
ğŸŒ´,palm | tree,palm tree
ğŸŒµ,cactus | plant,cactus
ğŸŒ¾,ear | grain | rice | sheaf of rice,sheaf of rice
ğŸŒ¿,herb | leaf,herb
â˜˜,plant | shamrock,shamrock
ğŸ€,4 | clover | four | four-leaf clover | leaf,four leaf clover
ğŸ,falling | leaf | maple,maple leaf
ğŸ‚,fallen leaf | falling | leaf,fallen leaf
ğŸƒ,blow | flutter | leaf | leaf fluttering in wind | wind,leaf fluttering in wind
ğŸ‡,fruit | grape | grapes,grapes
ğŸˆ,fruit | melon,melon
ğŸ‰,fruit | watermelon,watermelon
ğŸŠ,fruit | orange | tangerine,tangerine
ğŸ‹,citrus | fruit | lemon,lemon
ğŸŒ,banana | fruit,banana
ğŸ,fruit | pineapple,pineapple
ğŸ,apple | fruit | red,red apple
ğŸ,apple | fruit | green,green apple
ğŸ,fruit | pear,pear
ğŸ‘,fruit | peach,peach
ğŸ’,berries | cherries | cherry | fruit | red,cherries
ğŸ“,berry | fruit | strawberry,strawberry
ğŸ¥,food | fruit | kiwi,kiwi fruit
ğŸ…,fruit | tomato | vegetable,tomato
ğŸ¥¥,coconut | palm | piÃ±a colada,coconut
ğŸ¥‘,avocado | food | fruit,avocado
ğŸ†,aubergine | eggplant | vegetable,eggplant
ğŸ¥”,food | potato | vegetable,potato
ğŸ¥•,carrot | food | vegetable,carrot
ğŸŒ½,corn | ear | ear of corn | maize | maze,ear of corn
ğŸŒ¶,hot | pepper,hot pepper
ğŸ¥’,cucumber | food | pickle | vegetable,cucumber
ğŸ¥¦,broccoli | wild cabbage,broccoli
ğŸ„,mushroom | toadstool,mushroom
ğŸ¥œ,food | nut | peanut | peanuts | vegetable,peanuts
ğŸŒ°,chestnut | plant,chestnut
ğŸ,bread | loaf,bread
ğŸ¥,bread | crescent roll | croissant | food | french,croissant
ğŸ¥–,baguette | bread | food | french,baguette bread
ğŸ¥¨,pretzel | twisted,pretzel
ğŸ¥,crÃªpe | food | hotcake | pancake | pancakes,pancakes
ğŸ§€,cheese | cheese wedge,cheese wedge
ğŸ–,bone | meat | meat on bone,meat on bone
ğŸ—,bone | chicken | drumstick | leg | poultry,poultry leg
ğŸ¥©,chop | cut of meat | lambchop | porkchop | steak,cut of meat
ğŸ¥“,bacon | food | meat,bacon
ğŸ”,burger | hamburger,hamburger
ğŸŸ,french | fries,french fries
ğŸ•,cheese | pizza | slice,pizza
ğŸŒ­,frankfurter | hot dog | hotdog | sausage,hot dog
ğŸ¥ª,bread | sandwich,sandwich
ğŸŒ®,mexican | taco,taco
ğŸŒ¯,burrito | mexican | wrap,burrito
ğŸ¥™,falafel | flatbread | food | gyro | kebab | stuffed,stuffed flatbread
ğŸ¥š,egg | food,egg
ğŸ³,cooking | egg | frying | pan,cooking
ğŸ¥˜,casserole | food | paella | pan | shallow | shallow pan of food,shallow pan of food
ğŸ²,pot | pot of food | stew,pot of food
ğŸ¥£,bowl with spoon | breakfast | cereal | congee,bowl with spoon
ğŸ¥—,food | green | salad,green salad
ğŸ¿,popcorn,popcorn
ğŸ¥«,can | canned food,canned food
ğŸ±,bento | box,bento box
ğŸ˜,cracker | rice,rice cracker
ğŸ™,ball | Japanese | rice,rice ball
ğŸš,cooked | rice,cooked rice
ğŸ›,curry | rice,curry rice
ğŸœ,bowl | noodle | ramen | steaming,steaming bowl
ğŸ,pasta | spaghetti,spaghetti
ğŸ ,potato | roasted | sweet,roasted sweet potato
ğŸ¢,kebab | oden | seafood | skewer | stick,oden
ğŸ£,sushi,sushi
ğŸ¤,fried | prawn | shrimp | tempura,fried shrimp
ğŸ¥,cake | fish | fish cake with swirl | pastry | swirl,fish cake with swirl
ğŸ¡,dango | dessert | Japanese | skewer | stick | sweet,dango
ğŸ¥Ÿ,dumpling | empanada | gyÅza | jiaozi | pierogi | potsticker,dumpling
ğŸ¥ ,fortune cookie | prophecy,fortune cookie
ğŸ¥¡,oyster pail | takeout box,takeout box
ğŸ¦,cream | dessert | ice | icecream | soft | sweet,soft ice cream
ğŸ§,dessert | ice | shaved | sweet,shaved ice
ğŸ¨,cream | dessert | ice | sweet,ice cream
ğŸ©,dessert | donut | doughnut | sweet,doughnut
ğŸª,cookie | dessert | sweet,cookie
ğŸ‚,birthday | cake | celebration | dessert | pastry | sweet,birthday cake
ğŸ°,cake | dessert | pastry | shortcake | slice | sweet,shortcake
ğŸ¥§,filling | pastry | pie,pie
ğŸ«,bar | chocolate | dessert | sweet,chocolate bar
ğŸ¬,candy | dessert | sweet,candy
ğŸ­,candy | dessert | lollipop | sweet,lollipop
ğŸ®,custard | dessert | pudding | sweet,custard
ğŸ¯,honey | honeypot | pot | sweet,honey pot
ğŸ¼,baby | bottle | drink | milk,baby bottle
ğŸ¥›,drink | glass | glass of milk | milk,glass of milk
â˜•,beverage | coffee | drink | hot | steaming | tea,hot beverage
ğŸµ,beverage | cup | drink | tea | teacup | teacup without handle,teacup without handle
ğŸ¶,bar | beverage | bottle | cup | drink | sake,sake
ğŸ¾,bar | bottle | bottle with popping cork | cork | drink | popping,bottle with popping cork
ğŸ·,bar | beverage | drink | glass | wine,wine glass
ğŸ¸,bar | cocktail | drink | glass,cocktail glass
ğŸ¹,bar | drink | tropical,tropical drink
ğŸº,bar | beer | drink | mug,beer mug
ğŸ»,bar | beer | clink | clinking beer mugs | drink | mug,clinking beer mugs
ğŸ¥‚,celebrate | clink | clinking glasses | drink | glass,clinking glasses
ğŸ¥ƒ,glass | liquor | shot | tumbler | whisky,tumbler glass
ğŸ¥¤,cup with straw | juice | soda,cup with straw
ğŸ¥¢,chopsticks | hashi,chopsticks
ğŸ½,cooking | fork | fork and knife with plate | knife | plate,fork and knife with plate
ğŸ´,cooking | cutlery | fork | fork and knife | knife,fork and knife
ğŸ¥„,spoon | tableware,spoon
ğŸ”ª,cooking | hocho | kitchen knife | knife | tool | weapon,kitchen knife
ğŸº,amphora | Aquarius | cooking | drink | jug | tool | weapon | zodiac,amphora
ğŸŒ,Africa | earth | Europe | globe | globe showing Europe-Africa | world,globe showing Europe-Africa
ğŸŒ,Americas | earth | globe | globe showing Americas | world,globe showing Americas
ğŸŒ,Asia | Australia | earth | globe | globe showing Asia-Australia | world,globe showing Asia-Australia
ğŸŒ,earth | globe | globe with meridians | meridians | world,globe with meridians
ğŸ—º,map | world,world map
ğŸ—¾,Japan | map | map of Japan,map of Japan
ğŸ”,cold | mountain | snow | snow-capped mountain,snow-capped mountain
â›°,mountain,mountain
ğŸŒ‹,eruption | mountain | volcano,volcano
ğŸ—»,fuji | mount fuji | mountain,mount fuji
ğŸ•,camping,camping
ğŸ–,beach | beach with umbrella | umbrella,beach with umbrella
ğŸœ,desert,desert
ğŸ,desert | island,desert island
ğŸ,national park | park,national park
ğŸŸ,stadium,stadium
ğŸ›,classical | classical building,classical building
ğŸ—,building construction | construction,building construction
ğŸ˜,houses,houses
ğŸš,derelict | house,derelict house
ğŸ ,home | house,house
ğŸ¡,garden | home | house | house with garden,house with garden
ğŸ¢,building | office building,office building
ğŸ£,Japanese | Japanese post office | post,Japanese post office
ğŸ¤,European | post | post office,post office
ğŸ¥,doctor | hospital | medicine,hospital
ğŸ¦,bank | building,bank
ğŸ¨,building | hotel,hotel
ğŸ©,hotel | love,love hotel
ğŸª,convenience | store,convenience store
ğŸ«,building | school,school
ğŸ¬,department | store,department store
ğŸ­,building | factory,factory
ğŸ¯,castle | Japanese,Japanese castle
ğŸ°,castle | European,castle
ğŸ’’,chapel | romance | wedding,wedding
ğŸ—¼,Tokyo | tower,Tokyo tower
ğŸ—½,liberty | statue | Statue of Liberty,Statue of Liberty
â›ª,Christian | church | cross | religion,church
ğŸ•Œ,islam | mosque | Muslim | religion,mosque
ğŸ•,Jew | Jewish | religion | synagogue | temple,synagogue
â›©,religion | shinto | shrine,shinto shrine
ğŸ•‹,islam | kaaba | Muslim | religion,kaaba
â›²,fountain,fountain
â›º,camping | tent,tent
ğŸŒ,fog | foggy,foggy
ğŸŒƒ,night | night with stars | star,night with stars
ğŸ™,city | cityscape,cityscape
ğŸŒ„,morning | mountain | sun | sunrise | sunrise over mountains,sunrise over mountains
ğŸŒ…,morning | sun | sunrise,sunrise
ğŸŒ†,city | cityscape at dusk | dusk | evening | landscape | sun | sunset,cityscape at dusk
ğŸŒ‡,dusk | sun | sunset,sunset
ğŸŒ‰,bridge | bridge at night | night,bridge at night
â™¨,hot | hotsprings | springs | steaming,hot springs
ğŸŒŒ,milky way | space,milky way
ğŸ ,carousel | horse,carousel horse
ğŸ¡,amusement park | ferris | wheel,ferris wheel
ğŸ¢,amusement park | coaster | roller,roller coaster
ğŸ’ˆ,barber | haircut | pole,barber pole
ğŸª,circus | tent,circus tent
ğŸš‚,engine | locomotive | railway | steam | train,locomotive
ğŸšƒ,car | electric | railway | train | tram | trolleybus,railway car
ğŸš„,high-speed train | railway | shinkansen | speed | train,high-speed train
ğŸš…,bullet | railway | shinkansen | speed | train,bullet train
ğŸš†,railway | train,train
ğŸš‡,metro | subway,metro
ğŸšˆ,light rail | railway,light rail
ğŸš‰,railway | station | train,station
ğŸšŠ,tram | trolleybus,tram
ğŸš,monorail | vehicle,monorail
ğŸš,car | mountain | railway,mountain railway
ğŸš‹,car | tram | trolleybus,tram car
ğŸšŒ,bus | vehicle,bus
ğŸš,bus | oncoming,oncoming bus
ğŸš,bus | tram | trolley | trolleybus,trolleybus
ğŸš,bus | minibus,minibus
ğŸš‘,ambulance | vehicle,ambulance
ğŸš’,engine | fire | truck,fire engine
ğŸš“,car | patrol | police,police car
ğŸš”,car | oncoming | police,oncoming police car
ğŸš•,taxi | vehicle,taxi
ğŸš–,oncoming | taxi,oncoming taxi
ğŸš—,automobile | car,automobile
ğŸš˜,automobile | car | oncoming,oncoming automobile
ğŸš™,recreational | sport utility | sport utility vehicle,sport utility vehicle
ğŸšš,delivery | truck,delivery truck
ğŸš›,articulated lorry | lorry | semi | truck,articulated lorry
ğŸšœ,tractor | vehicle,tractor
ğŸš²,bicycle | bike,bicycle
ğŸ›´,kick | scooter,kick scooter
ğŸ›µ,motor | scooter,motor scooter
ğŸš,bus | busstop | stop,bus stop
ğŸ›£,highway | motorway | road,motorway
ğŸ›¤,railway | railway track | train,railway track
ğŸ›¢,drum | oil,oil drum
â›½,diesel | fuel | fuelpump | gas | pump | station,fuel pump
ğŸš¨,beacon | car | light | police | revolving,police car light
ğŸš¥,horizontal traffic light | light | signal | traffic,horizontal traffic light
ğŸš¦,light | signal | traffic | vertical traffic light,vertical traffic light
ğŸ›‘,octagonal | sign | stop,stop sign
ğŸš§,barrier | construction,construction
âš“,anchor | ship | tool,anchor
â›µ,boat | resort | sailboat | sea | yacht,sailboat
ğŸ›¶,boat | canoe,canoe
ğŸš¤,boat | speedboat,speedboat
ğŸ›³,passenger | ship,passenger ship
â›´,boat | ferry | passenger,ferry
ğŸ›¥,boat | motor boat | motorboat,motor boat
ğŸš¢,boat | passenger | ship,ship
âœˆ,aeroplane | airplane,airplane
ğŸ›©,aeroplane | airplane | small airplane,small airplane
ğŸ›«,aeroplane | airplane | check-in | departure | departures,airplane departure
ğŸ›¬,aeroplane | airplane | airplane arrival | arrivals | arriving | landing,airplane arrival
ğŸ’º,chair | seat,seat
ğŸš,helicopter | vehicle,helicopter
ğŸšŸ,railway | suspension,suspension railway
ğŸš ,cable | gondola | mountain | mountain cableway,mountain cableway
ğŸš¡,aerial | cable | car | gondola | tramway,aerial tramway
ğŸ›°,satellite | space,satellite
ğŸš€,rocket | space,rocket
ğŸ›¸,flying saucer | UFO,flying saucer
ğŸ›,bell | bellhop | hotel,bellhop bell
âŒ›,hourglass done | sand | timer,hourglass done
â³,hourglass | hourglass not done | sand | timer,hourglass not done
âŒš,clock | watch,watch
â°,alarm | clock,alarm clock
â±,clock | stopwatch,stopwatch
â²,clock | timer,timer clock
ğŸ•°,clock | mantelpiece clock,mantelpiece clock
ğŸ•›,00 | 12 | 12:00 | clock | oâ€™clock | twelve,twelve oâ€™clock
ğŸ•§,12 | 12:30 | 30 | clock | thirty | twelve | twelve-thirty,twelve-thirty
ğŸ•,00 | 1 | 1:00 | clock | oâ€™clock | one,one oâ€™clock
ğŸ•œ,1 | 1:30 | 30 | clock | one | one-thirty | thirty,one-thirty
ğŸ•‘,00 | 2 | 2:00 | clock | oâ€™clock | two,two oâ€™clock
ğŸ•,2 | 2:30 | 30 | clock | thirty | two | two-thirty,two-thirty
ğŸ•’,00 | 3 | 3:00 | clock | oâ€™clock | three,three oâ€™clock
ğŸ•,3 | 3:30 | 30 | clock | thirty | three | three-thirty,three-thirty
ğŸ•“,00 | 4 | 4:00 | clock | four | oâ€™clock,four oâ€™clock
ğŸ•Ÿ,30 | 4 | 4:30 | clock | four | four-thirty | thirty,four-thirty
ğŸ•”,00 | 5 | 5:00 | clock | five | oâ€™clock,five oâ€™clock
ğŸ• ,30 | 5 | 5:30 | clock | five | five-thirty | thirty,five-thirty
ğŸ••,00 | 6 | 6:00 | clock | oâ€™clock | six,six oâ€™clock
ğŸ•¡,30 | 6 | 6:30 | clock | six | six-thirty | thirty,six-thirty
ğŸ•–,00 | 7 | 7:00 | clock | oâ€™clock | seven,seven oâ€™clock
ğŸ•¢,30 | 7 | 7:30 | clock | seven | seven-thirty | thirty,seven-thirty
ğŸ•—,00 | 8 | 8:00 | clock | eight | oâ€™clock,eight oâ€™clock
ğŸ•£,30 | 8 | 8:30 | clock | eight | eight-thirty | thirty,eight-thirty
ğŸ•˜,00 | 9 | 9:00 | clock | nine | oâ€™clock,nine oâ€™clock
ğŸ•¤,30 | 9 | 9:30 | clock | nine | nine-thirty | thirty,nine-thirty
ğŸ•™,00 | 10 | 10:00 | clock | oâ€™clock | ten,ten oâ€™clock
ğŸ•¥,10 | 10:30 | 30 | clock | ten | ten-thirty | thirty,ten-thirty
ğŸ•š,00 | 11 | 11:00 | clock | eleven | oâ€™clock,eleven oâ€™clock
ğŸ•¦,11 | 11:30 | 30 | clock | eleven | eleven-thirty | thirty,eleven-thirty
ğŸŒ‘,dark | moon | new moon,new moon
ğŸŒ’,crescent | moon | waxing,waxing crescent moon
ğŸŒ“,first quarter moon | moon | quarter,first quarter moon
ğŸŒ”,gibbous | moon | waxing,waxing gibbous moon
ğŸŒ•,full | moon,full moon
ğŸŒ–,gibbous | moon | waning,waning gibbous moon
ğŸŒ—,last quarter moon | moon | quarter,last quarter moon
ğŸŒ˜,crescent | moon | waning,waning crescent moon
ğŸŒ™,crescent | moon,crescent moon
ğŸŒš,face | moon | new moon face,new moon face
ğŸŒ›,face | first quarter moon face | moon | quarter,first quarter moon face
ğŸŒœ,face | last quarter moon face | moon | quarter,last quarter moon face
ğŸŒ¡,thermometer | weather,thermometer
â˜€,bright | rays | sun | sunny,sun
ğŸŒ,bright | face | full | moon,full moon face
ğŸŒ,bright | face | sun | sun with face,sun with face
â­,star,star
ğŸŒŸ,glittery | glow | glowing star | shining | sparkle | star,glowing star
ğŸŒ ,falling | shooting | star,shooting star
â˜,cloud | weather,cloud
â›…,cloud | sun | sun behind cloud,sun behind cloud
â›ˆ,cloud | cloud with lightning and rain | rain | thunder,cloud with lightning and rain
ğŸŒ¤,cloud | sun | sun behind small cloud,sun behind small cloud
ğŸŒ¥,cloud | sun | sun behind large cloud,sun behind large cloud
ğŸŒ¦,cloud | rain | sun | sun behind rain cloud,sun behind rain cloud
ğŸŒ§,cloud | cloud with rain | rain,cloud with rain
ğŸŒ¨,cloud | cloud with snow | cold | snow,cloud with snow
ğŸŒ©,cloud | cloud with lightning | lightning,cloud with lightning
ğŸŒª,cloud | tornado | whirlwind,tornado
ğŸŒ«,cloud | fog,fog
ğŸŒ¬,blow | cloud | face | wind,wind face
ğŸŒ€,cyclone | dizzy | hurricane | twister | typhoon,cyclone
ğŸŒˆ,rain | rainbow,rainbow
ğŸŒ‚,closed umbrella | clothing | rain | umbrella,closed umbrella
â˜‚,clothing | rain | umbrella,umbrella
â˜”,clothing | drop | rain | umbrella | umbrella with rain drops,umbrella with rain drops
â›±,rain | sun | umbrella | umbrella on ground,umbrella on ground
âš¡,danger | electric | electricity | high voltage | lightning | voltage | zap,high voltage
â„,cold | snow | snowflake,snowflake
â˜ƒ,cold | snow | snowman,snowman
â›„,cold | snow | snowman | snowman without snow,snowman without snow
â˜„,comet | space,comet
ğŸ”¥,fire | flame | tool,fire
ğŸ’§,cold | comic | drop | droplet | sweat,droplet
ğŸŒŠ,ocean | water | wave,water wave
ğŸƒ,celebration | halloween | jack | jack-o-lantern | lantern,jack-o-lantern
ğŸ„,celebration | Christmas | tree,Christmas tree
ğŸ†,celebration | fireworks,fireworks
ğŸ‡,celebration | fireworks | sparkle | sparkler,sparkler
âœ¨,sparkle | sparkles | star,sparkles
ğŸˆ,balloon | celebration,balloon
ğŸ‰,celebration | party | popper | tada,party popper
ğŸŠ,ball | celebration | confetti,confetti ball
ğŸ‹,banner | celebration | Japanese | tanabata tree | tree,tanabata tree
ğŸ,bamboo | celebration | Japanese | pine | pine decoration,pine decoration
ğŸ,celebration | doll | festival | Japanese | Japanese dolls,Japanese dolls
ğŸ,carp | celebration | streamer,carp streamer
ğŸ,bell | celebration | chime | wind,wind chime
ğŸ‘,celebration | ceremony | moon | moon viewing ceremony,moon viewing ceremony
ğŸ€,celebration | ribbon,ribbon
ğŸ,box | celebration | gift | present | wrapped,wrapped gift
ğŸ—,celebration | reminder | ribbon,reminder ribbon
ğŸŸ,admission | admission tickets | ticket,admission tickets
ğŸ«,admission | ticket,ticket
ğŸ–,celebration | medal | military,military medal
ğŸ†,prize | trophy,trophy
ğŸ…,medal | sports medal,sports medal
ğŸ¥‡,1st place medal | first | gold | medal,1st place medal
ğŸ¥ˆ,2nd place medal | medal | second | silver,2nd place medal
ğŸ¥‰,3rd place medal | bronze | medal | third,3rd place medal
âš½,ball | football | soccer,soccer ball
âš¾,ball | baseball,baseball
ğŸ€,ball | basketball | hoop,basketball
ğŸ,ball | game | volleyball,volleyball
ğŸˆ,american | ball | football,american football
ğŸ‰,ball | football | rugby,rugby football
ğŸ¾,ball | racquet | tennis,tennis
ğŸ³,ball | bowling | game,bowling
ğŸ,ball | bat | cricket game | game,cricket game
ğŸ‘,ball | field | game | hockey | stick,field hockey
ğŸ’,game | hockey | ice | puck | stick,ice hockey
ğŸ“,ball | bat | game | paddle | ping pong | table tennis,ping pong
ğŸ¸,badminton | birdie | game | racquet | shuttlecock,badminton
ğŸ¥Š,boxing | glove,boxing glove
ğŸ¥‹,judo | karate | martial arts | martial arts uniform | taekwondo | uniform,martial arts uniform
ğŸ¥…,goal | net,goal net
â›³,flag in hole | golf | hole,flag in hole
â›¸,ice | skate,ice skate
ğŸ£,fish | fishing pole | pole,fishing pole
ğŸ½,athletics | running | sash | shirt,running shirt
ğŸ¿,ski | skis | snow,skis
ğŸ›·,sled | sledge | sleigh,sled
ğŸ¥Œ,curling stone | game | rock,curling stone
ğŸ¯,bull | bullseye | dart | direct hit | eye | game | hit | target,direct hit
ğŸ±,8 | ball | billiard | eight | game | pool 8 ball,pool 8 ball
ğŸ”®,ball | crystal | fairy tale | fantasy | fortune | tool,crystal ball
ğŸ®,controller | game | video game,video game
ğŸ•¹,game | joystick | video game,joystick
ğŸ°,game | slot | slot machine,slot machine
ğŸ²,dice | die | game,game die
â™ ,card | game | spade suit,spade suit
â™¥,card | game | heart suit,heart suit
â™¦,card | diamond suit | game,diamond suit
â™£,card | club suit | game,club suit
ğŸƒ,card | game | joker | wildcard,joker
ğŸ€„,game | mahjong | mahjong red dragon | red,mahjong red dragon
ğŸ´,card | flower | flower playing cards | game | Japanese | playing,flower playing cards
ğŸ­,art | mask | performing | performing arts | theater | theatre,performing arts
ğŸ–¼,art | frame | framed picture | museum | painting | picture,framed picture
ğŸ¨,art | artist palette | museum | painting | palette,artist palette
ğŸ”‡,mute | muted speaker | quiet | silent | speaker,muted speaker
ğŸ”ˆ,soft | speaker low volume,speaker low volume
ğŸ”‰,medium | speaker medium volume,speaker medium volume
ğŸ”Š,loud | speaker high volume,speaker high volume
ğŸ“¢,loud | loudspeaker | public address,loudspeaker
ğŸ“£,cheering | megaphone,megaphone
ğŸ“¯,horn | post | postal,postal horn
ğŸ””,bell,bell
ğŸ”•,bell | bell with slash | forbidden | mute | no | not | prohibited | quiet | silent,bell with slash
ğŸ¼,music | musical score | score,musical score
ğŸµ,music | musical note | note,musical note
ğŸ¶,music | musical notes | note | notes,musical notes
ğŸ™,mic | microphone | music | studio,studio microphone
ğŸš,level | music | slider,level slider
ğŸ›,control | knobs | music,control knobs
ğŸ¤,karaoke | mic | microphone,microphone
ğŸ§,earbud | headphone,headphone
ğŸ“»,radio | video,radio
ğŸ·,instrument | music | sax | saxophone,saxophone
ğŸ¸,guitar | instrument | music,guitar
ğŸ¹,instrument | keyboard | music | musical keyboard | piano,musical keyboard
ğŸº,instrument | music | trumpet,trumpet
ğŸ»,instrument | music | violin,violin
ğŸ¥,drum | drumsticks | music,drum
ğŸ“±,cell | mobile | phone | telephone,mobile phone
ğŸ“²,arrow | call | cell | mobile | mobile phone with arrow | phone | receive | telephone,mobile phone with arrow
â˜,phone | telephone,telephone
ğŸ“,phone | receiver | telephone,telephone receiver
ğŸ“Ÿ,pager,pager
ğŸ“ ,fax | fax machine,fax machine
ğŸ”‹,battery,battery
ğŸ”Œ,electric | electricity | plug,electric plug
ğŸ’»,computer | laptop computer | pc | personal,laptop computer
ğŸ–¥,computer | desktop,desktop computer
ğŸ–¨,computer | printer,printer
âŒ¨,computer | keyboard,keyboard
ğŸ–±,computer | computer mouse,computer mouse
ğŸ–²,computer | trackball,trackball
ğŸ’½,computer | disk | minidisk | optical,computer disk
ğŸ’¾,computer | disk | floppy,floppy disk
ğŸ’¿,cd | computer | disk | optical,optical disk
ğŸ“€,blu-ray | computer | disk | dvd | optical,dvd
ğŸ¥,camera | cinema | movie,movie camera
ğŸ,cinema | film | frames | movie,film frames
ğŸ“½,cinema | film | movie | projector | video,film projector
ğŸ¬,clapper | clapper board | movie,clapper board
ğŸ“º,television | tv | video,television
ğŸ“·,camera | video,camera
ğŸ“¸,camera | camera with flash | flash | video,camera with flash
ğŸ“¹,camera | video,video camera
ğŸ“¼,tape | vhs | video | videocassette,videocassette
ğŸ”,glass | magnifying | magnifying glass tilted left | search | tool,magnifying glass tilted left
ğŸ”,glass | magnifying | magnifying glass tilted right | search | tool,magnifying glass tilted right
ğŸ•¯,candle | light,candle
ğŸ’¡,bulb | comic | electric | idea | light,light bulb
ğŸ”¦,electric | flashlight | light | tool | torch,flashlight
ğŸ®,bar | lantern | light | red | red paper lantern,red paper lantern
ğŸ“”,book | cover | decorated | notebook | notebook with decorative cover,notebook with decorative cover
ğŸ“•,book | closed,closed book
ğŸ“–,book | open,open book
ğŸ“—,book | green,green book
ğŸ“˜,blue | book,blue book
ğŸ“™,book | orange,orange book
ğŸ“š,book | books,books
ğŸ““,notebook,notebook
ğŸ“’,ledger | notebook,ledger
ğŸ“ƒ,curl | document | page | page with curl,page with curl
ğŸ“œ,paper | scroll,scroll
ğŸ“„,document | page | page facing up,page facing up
ğŸ“°,news | newspaper | paper,newspaper
ğŸ—,news | newspaper | paper | rolled | rolled-up newspaper,rolled-up newspaper
ğŸ“‘,bookmark | mark | marker | tabs,bookmark tabs
ğŸ”–,bookmark | mark,bookmark
ğŸ·,label,label
ğŸ’°,bag | dollar | money | moneybag,money bag
ğŸ’´,bank | banknote | bill | currency | money | note | yen,yen banknote
ğŸ’µ,bank | banknote | bill | currency | dollar | money | note,dollar banknote
ğŸ’¶,bank | banknote | bill | currency | euro | money | note,euro banknote
ğŸ’·,bank | banknote | bill | currency | money | note | pound,pound banknote
ğŸ’¸,bank | banknote | bill | dollar | fly | money | money with wings | note | wings,money with wings
ğŸ’³,bank | card | credit | money,credit card
ğŸ’¹,bank | chart | chart increasing with yen | currency | graph | growth | market | money | rise | trend | upward | yen,chart increasing with yen
ğŸ’±,bank | currency | exchange | money,currency exchange
ğŸ’²,currency | dollar | heavy dollar sign | money,heavy dollar sign
âœ‰,email | envelope | letter,envelope
ğŸ“§,e-mail | email | letter | mail,e-mail
ğŸ“¨,e-mail | email | envelope | incoming | letter | mail | receive,incoming envelope
ğŸ“©,arrow | down | e-mail | email | envelope | envelope with arrow | letter | mail | outgoing | sent,envelope with arrow
ğŸ“¤,box | letter | mail | outbox | sent | tray,outbox tray
ğŸ“¥,box | inbox | letter | mail | receive | tray,inbox tray
ğŸ“¦,box | package | parcel,package
ğŸ“«,closed | closed mailbox with raised flag | mail | mailbox | postbox,closed mailbox with raised flag
ğŸ“ª,closed | closed mailbox with lowered flag | lowered | mail | mailbox | postbox,closed mailbox with lowered flag
ğŸ“¬,mail | mailbox | open | open mailbox with raised flag | postbox,open mailbox with raised flag
ğŸ“­,lowered | mail | mailbox | open | open mailbox with lowered flag | postbox,open mailbox with lowered flag
ğŸ“®,mail | mailbox | postbox,postbox
ğŸ—³,ballot | ballot box with ballot | box,ballot box with ballot
âœ,pencil,pencil
âœ’,black nib | nib | pen,black nib
ğŸ–‹,fountain | pen,fountain pen
ğŸ–Š,ballpoint | pen,pen
ğŸ–Œ,paintbrush | painting,paintbrush
ğŸ–,crayon,crayon
ğŸ“,memo | pencil,memo
ğŸ’¼,briefcase,briefcase
ğŸ“,file | folder,file folder
ğŸ“‚,file | folder | open,open file folder
ğŸ—‚,card | dividers | index,card index dividers
ğŸ“…,calendar | date,calendar
ğŸ“†,calendar | tear-off calendar,tear-off calendar
ğŸ—’,note | pad | spiral | spiral notepad,spiral notepad
ğŸ—“,calendar | pad | spiral,spiral calendar
ğŸ“‡,card | index | rolodex,card index
ğŸ“ˆ,chart | chart increasing | graph | growth | trend | upward,chart increasing
ğŸ“‰,chart | chart decreasing | down | graph | trend,chart decreasing
ğŸ“Š,bar | chart | graph,bar chart
ğŸ“‹,clipboard,clipboard
ğŸ“Œ,pin | pushpin,pushpin
ğŸ“,pin | pushpin | round pushpin,round pushpin
ğŸ“,paperclip,paperclip
ğŸ–‡,link | linked paperclips | paperclip,linked paperclips
ğŸ“,ruler | straight edge | straight ruler,straight ruler
ğŸ“,ruler | set | triangle | triangular ruler,triangular ruler
âœ‚,cutting | scissors | tool,scissors
ğŸ—ƒ,box | card | file,card file box
ğŸ—„,cabinet | file | filing,file cabinet
ğŸ—‘,wastebasket,wastebasket
ğŸ”’,closed | locked,locked
ğŸ”“,lock | open | unlock | unlocked,unlocked
ğŸ”,ink | lock | locked with pen | nib | pen | privacy,locked with pen
ğŸ”,closed | key | lock | locked with key | secure,locked with key
ğŸ”‘,key | lock | password,key
ğŸ—,clue | key | lock | old,old key
ğŸ”¨,hammer | tool,hammer
â›,mining | pick | tool,pick
âš’,hammer | hammer and pick | pick | tool,hammer and pick
ğŸ› ,hammer | hammer and wrench | spanner | tool | wrench,hammer and wrench
ğŸ—¡,dagger | knife | weapon,dagger
âš”,crossed | swords | weapon,crossed swords
ğŸ”«,gun | handgun | pistol | revolver | tool | weapon,pistol
ğŸ¹,archer | archery | arrow | bow | bow and arrow | Sagittarius | tool | weapon | zodiac,bow and arrow
ğŸ›¡,shield | weapon,shield
ğŸ”§,spanner | tool | wrench,wrench
ğŸ”©,bolt | nut | nut and bolt | tool,nut and bolt
âš™,cog | cogwheel | gear | tool,gear
ğŸ—œ,clamp | compress | tool | vice,clamp
âš–,balance | balance scale | justice | Libra | scales | tool | weight | zodiac,balance scale
ğŸ”—,link,link
â›“,chain | chains,chains
âš—,alembic | chemistry | tool,alembic
ğŸ”¬,microscope | science | tool,microscope
ğŸ”­,science | telescope | tool,telescope
ğŸ“¡,antenna | dish | satellite,satellite antenna
ğŸ’‰,doctor | medicine | needle | shot | sick | syringe | tool,syringe
ğŸ’Š,doctor | medicine | pill | sick,pill
ğŸšª,door,door
ğŸ›,bed | hotel | sleep,bed
ğŸ›‹,couch | couch and lamp | hotel | lamp,couch and lamp
ğŸš½,toilet,toilet
ğŸš¿,shower | water,shower
ğŸ›,bath | bathtub,bathtub
ğŸ›’,cart | shopping | trolley,shopping cart
ğŸš¬,cigarette | smoking,cigarette
âš°,coffin | death,coffin
âš±,ashes | death | funeral | urn,funeral urn
ğŸ—¿,face | moai | moyai | statue,moai
ğŸ§,atm | ATM sign | automated | bank | teller,ATM sign
ğŸš®,litter | litter bin | litter in bin sign,litter in bin sign
ğŸš°,drinking | potable | water,potable water
â™¿,access | wheelchair symbol,wheelchair symbol
ğŸš¹,lavatory | man | menâ€™s room | restroom | wc,menâ€™s room
ğŸšº,lavatory | restroom | wc | woman | womenâ€™s room,womenâ€™s room
ğŸš»,lavatory | restroom | WC,restroom
ğŸš¼,baby | baby symbol | changing,baby symbol
ğŸš¾,closet | lavatory | restroom | water | wc,water closet
ğŸ›‚,control | passport,passport control
ğŸ›ƒ,customs,customs
ğŸ›„,baggage | claim,baggage claim
ğŸ›…,baggage | left luggage | locker | luggage,left luggage
âš ,warning,warning
ğŸš¸,child | children crossing | crossing | pedestrian | traffic,children crossing
â›”,entry | forbidden | no | not | prohibited | traffic,no entry
ğŸš«,entry | forbidden | no | not | prohibited,prohibited
ğŸš³,bicycle | bike | forbidden | no | no bicycles | not | prohibited,no bicycles
ğŸš­,forbidden | no | not | prohibited | smoking,no smoking
ğŸš¯,forbidden | litter | no | no littering | not | prohibited,no littering
ğŸš±,non-drinking | non-potable | water,non-potable water
ğŸš·,forbidden | no | no pedestrians | not | pedestrian | prohibited,no pedestrians
ğŸ“µ,cell | forbidden | mobile | no | no mobile phones | not | phone | prohibited | telephone,no mobile phones
ğŸ”,18 | age restriction | eighteen | forbidden | no | no one under eighteen | not | prohibited | underage,no one under eighteen
â˜¢,radioactive | sign,radioactive
â˜£,biohazard | sign,biohazard
â¬†,arrow | cardinal | direction | north | up arrow,up arrow
â†—,arrow | direction | intercardinal | northeast | up-right arrow,up-right arrow
â¡,arrow | cardinal | direction | east | right arrow,right arrow
â†˜,arrow | direction | down-right arrow | intercardinal | southeast,down-right arrow
â¬‡,arrow | cardinal | direction | down | south,down arrow
â†™,arrow | direction | down-left arrow | intercardinal | southwest,down-left arrow
â¬…,arrow | cardinal | direction | left arrow | west,left arrow
â†–,arrow | direction | intercardinal | northwest | up-left arrow,up-left arrow
â†•,arrow | up-down arrow,up-down arrow
â†”,arrow | left-right arrow,left-right arrow
â†©,arrow | right arrow curving left,right arrow curving left
â†ª,arrow | left arrow curving right,left arrow curving right
â¤´,arrow | right arrow curving up,right arrow curving up
â¤µ,arrow | down | right arrow curving down,right arrow curving down
ğŸ”ƒ,arrow | clockwise | clockwise vertical arrows | reload,clockwise vertical arrows
ğŸ”„,anticlockwise | arrow | counterclockwise | counterclockwise arrows button | withershins,counterclockwise arrows button
ğŸ”™,arrow | back | BACK arrow,BACK arrow
ğŸ”š,arrow | end | END arrow,END arrow
ğŸ”›,arrow | mark | on | ON! arrow,ON! arrow
ğŸ”œ,arrow | soon | SOON arrow,SOON arrow
ğŸ”,arrow | top | TOP arrow | up,TOP arrow
ğŸ›,place of worship | religion | worship,place of worship
âš›,atheist | atom | atom symbol,atom symbol
ğŸ•‰,Hindu | om | religion,om
âœ¡,David | Jew | Jewish | religion | star | star of David,star of David
â˜¸,Buddhist | dharma | religion | wheel | wheel of dharma,wheel of dharma
â˜¯,religion | tao | taoist | yang | yin,yin yang
âœ,Christian | cross | latin cross | religion,latin cross
â˜¦,Christian | cross | orthodox cross | religion,orthodox cross
â˜ª,islam | Muslim | religion | star and crescent,star and crescent
â˜®,peace | peace symbol,peace symbol
ğŸ•,candelabrum | candlestick | menorah | religion,menorah
ğŸ”¯,dotted six-pointed star | fortune | star,dotted six-pointed star
â™ˆ,Aries | ram | zodiac,Aries
â™‰,bull | ox | Taurus | zodiac,Taurus
â™Š,Gemini | twins | zodiac,Gemini
â™‹,Cancer | crab | zodiac,Cancer
â™Œ,Leo | lion | zodiac,Leo
â™,Virgo | zodiac,Virgo
â™,balance | justice | Libra | scales | zodiac,Libra
â™,Scorpio | scorpion | scorpius | zodiac,Scorpio
â™,archer | Sagittarius | zodiac,Sagittarius
â™‘,Capricorn | goat | zodiac,Capricorn
â™’,Aquarius | bearer | water | zodiac,Aquarius
â™“,fish | Pisces | zodiac,Pisces
â›,bearer | Ophiuchus | serpent | snake | zodiac,Ophiuchus
ğŸ”€,arrow | crossed | shuffle tracks button,shuffle tracks button
ğŸ”,arrow | clockwise | repeat | repeat button,repeat button
ğŸ”‚,arrow | clockwise | once | repeat single button,repeat single button
â–¶,arrow | play | play button | right | triangle,play button
â©,arrow | double | fast | fast-forward button | forward,fast-forward button
â­,arrow | next scene | next track | next track button | triangle,next track button
â¯,arrow | pause | play | play or pause button | right | triangle,play or pause button
â—€,arrow | left | reverse | reverse button | triangle,reverse button
âª,arrow | double | fast reverse button | rewind,fast reverse button
â®,arrow | last track button | previous scene | previous track | triangle,last track button
ğŸ”¼,arrow | button | red | upwards button,upwards button
â«,arrow | double | fast up button,fast up button
ğŸ”½,arrow | button | down | downwards button | red,downwards button
â¬,arrow | double | down | fast down button,fast down button
â¸,bar | double | pause | pause button | vertical,pause button
â¹,square | stop | stop button,stop button
âº,circle | record | record button,record button
â,eject | eject button,eject button
ğŸ¦,camera | cinema | film | movie,cinema
ğŸ”…,brightness | dim | dim button | low,dim button
ğŸ”†,bright | bright button | brightness,bright button
ğŸ“¶,antenna | antenna bars | bar | cell | mobile | phone | signal | telephone,antenna bars
ğŸ“³,cell | mobile | mode | phone | telephone | vibration,vibration mode
ğŸ“´,cell | mobile | off | phone | telephone,mobile phone off
â™€,female sign | woman,female sign
â™‚,male sign | man,male sign
âš•,aesculapius | medical symbol | medicine | staff,medical symbol
â™»,recycle | recycling symbol,recycling symbol
âšœ,fleur-de-lis,fleur-de-lis
ğŸ”±,anchor | emblem | ship | tool | trident,trident emblem
ğŸ“›,badge | name,name badge
ğŸ”°,beginner | chevron | green | Japanese | Japanese symbol for beginner | leaf | tool | yellow,Japanese symbol for beginner
â­•,circle | heavy large circle | o,heavy large circle
âœ…,check | mark | white heavy check mark,white heavy check mark
â˜‘,ballot | ballot box with check | box | check,ballot box with check
âœ”,check | heavy check mark | mark,heavy check mark
âœ–,cancel | heavy multiplication x | multiplication | multiply | x,heavy multiplication x
âŒ,cancel | cross mark | mark | multiplication | multiply | x,cross mark
â,cross mark button | mark | square,cross mark button
â•,heavy plus sign | math | plus,heavy plus sign
â–,heavy minus sign | math | minus,heavy minus sign
â—,division | heavy division sign | math,heavy division sign
â°,curl | curly loop | loop,curly loop
â¿,curl | double | double curly loop | loop,double curly loop
ã€½,mark | part | part alternation mark,part alternation mark
âœ³,asterisk | eight-spoked asterisk,eight-spoked asterisk
âœ´,eight-pointed star | star,eight-pointed star
â‡,sparkle,sparkle
â€¼,bangbang | double exclamation mark | exclamation | mark | punctuation,double exclamation mark
â‰,exclamation | interrobang | mark | punctuation | question,exclamation question mark
â“,mark | punctuation | question,question mark
â”,mark | outlined | punctuation | question | white question mark,white question mark
â•,exclamation | mark | outlined | punctuation | white exclamation mark,white exclamation mark
â—,exclamation | mark | punctuation,exclamation mark
ã€°,dash | punctuation | wavy,wavy dash
Â©,copyright,copyright
Â®,registered,registered
â„¢,mark | tm | trade mark | trademark,trade mark
ğŸ’¯,100 | full | hundred | hundred points | score,hundred points
ğŸ” ,ABCD | input | latin | letters | uppercase,input latin uppercase
ğŸ”¡,abcd | input | latin | letters | lowercase,input latin lowercase
ğŸ”¢,1234 | input | numbers,input numbers
ğŸ”£,ã€’â™ª&% | input | input symbols,input symbols
ğŸ”¤,abc | alphabet | input | latin | letters,input latin letters
ğŸ…°,a | A button (blood type) | blood type,A button (blood type)
ğŸ†,ab | AB button (blood type) | blood type,AB button (blood type)
ğŸ…±,b | B button (blood type) | blood type,B button (blood type)
ğŸ†‘,cl | CL button,CL button
ğŸ†’,cool | COOL button,COOL button
ğŸ†“,free | FREE button,FREE button
â„¹,i | information,information
ğŸ†”,id | ID button | identity,ID button
â“‚,circle | circled M | m,circled M
ğŸ†•,new | NEW button,NEW button
ğŸ†–,ng | NG button,NG button
ğŸ…¾,blood type | o | O button (blood type),O button (blood type)
ğŸ†—,OK | OK button,OK button
ğŸ…¿,P button | parking,P button
ğŸ†˜,help | sos | SOS button,SOS button
ğŸ†™,mark | up | UP! button,UP! button
ğŸ†š,versus | vs | VS button,VS button
ğŸˆ,â€œhereâ€ | Japanese | Japanese â€œhereâ€ button | katakana | ã‚³ã‚³,Japanese â€œhereâ€ button
ğŸˆ‚,â€œservice chargeâ€ | Japanese | Japanese â€œservice chargeâ€ button | katakana | ã‚µ,Japanese â€œservice chargeâ€ button
ğŸˆ·,â€œmonthly amountâ€ | ideograph | Japanese | Japanese â€œmonthly amountâ€ button | æœˆ,Japanese â€œmonthly amountâ€ button
ğŸˆ¶,â€œnot free of chargeâ€ | ideograph | Japanese | Japanese â€œnot free of chargeâ€ button | æœ‰,Japanese â€œnot free of chargeâ€ button
ğŸˆ¯,â€œreservedâ€ | ideograph | Japanese | Japanese â€œreservedâ€ button | æŒ‡,Japanese â€œreservedâ€ button
ğŸ‰,â€œbargainâ€ | ideograph | Japanese | Japanese â€œbargainâ€ button | å¾—,Japanese â€œbargainâ€ button
ğŸˆ¹,â€œdiscountâ€ | ideograph | Japanese | Japanese â€œdiscountâ€ button | å‰²,Japanese â€œdiscountâ€ button
ğŸˆš,â€œfree of chargeâ€ | ideograph | Japanese | Japanese â€œfree of chargeâ€ button | ç„¡,Japanese â€œfree of chargeâ€ button
ğŸˆ²,â€œprohibitedâ€ | ideograph | Japanese | Japanese â€œprohibitedâ€ button | ç¦,Japanese â€œprohibitedâ€ button
ğŸ‰‘,â€œacceptableâ€ | ideograph | Japanese | Japanese â€œacceptableâ€ button | å¯,Japanese â€œacceptableâ€ button
ğŸˆ¸,â€œapplicationâ€ | ideograph | Japanese | Japanese â€œapplicationâ€ button | ç”³,Japanese â€œapplicationâ€ button
ğŸˆ´,â€œpassing gradeâ€ | ideograph | Japanese | Japanese â€œpassing gradeâ€ button | åˆ,Japanese â€œpassing gradeâ€ button
ğŸˆ³,â€œvacancyâ€ | ideograph | Japanese | Japanese â€œvacancyâ€ button | ç©º,Japanese â€œvacancyâ€ button
ãŠ—,â€œcongratulationsâ€ | ideograph | Japanese | Japanese â€œcongratulationsâ€ button | ç¥,Japanese â€œcongratulationsâ€ button
ãŠ™,â€œsecretâ€ | ideograph | Japanese | Japanese â€œsecretâ€ button | ç§˜,Japanese â€œsecretâ€ button
ğŸˆº,â€œopen for businessâ€ | ideograph | Japanese | Japanese â€œopen for businessâ€ button | å–¶,Japanese â€œopen for businessâ€ button
ğŸˆµ,â€œno vacancyâ€ | ideograph | Japanese | Japanese â€œno vacancyâ€ button | æº€,Japanese â€œno vacancyâ€ button
â–ª,black small square | geometric | square,black small square
â–«,geometric | square | white small square,white small square
â—»,geometric | square | white medium square,white medium square
â—¼,black medium square | geometric | square,black medium square
â—½,geometric | square | white medium-small square,white medium-small square
â—¾,black medium-small square | geometric | square,black medium-small square
â¬›,black large square | geometric | square,black large square
â¬œ,geometric | square | white large square,white large square
ğŸ”¶,diamond | geometric | large orange diamond | orange,large orange diamond
ğŸ”·,blue | diamond | geometric | large blue diamond,large blue diamond
ğŸ”¸,diamond | geometric | orange | small orange diamond,small orange diamond
ğŸ”¹,blue | diamond | geometric | small blue diamond,small blue diamond
ğŸ”º,geometric | red | red triangle pointed up,red triangle pointed up
ğŸ”»,down | geometric | red | red triangle pointed down,red triangle pointed down
ğŸ’ ,comic | diamond | diamond with a dot | geometric | inside,diamond with a dot
ğŸ”˜,button | geometric | radio,radio button
ğŸ”²,black square button | button | geometric | square,black square button
ğŸ”³,button | geometric | outlined | square | white square button,white square button
âšª,circle | geometric | white circle,white circle
âš«,black circle | circle | geometric,black circle
ğŸ”´,circle | geometric | red,red circle
ğŸ”µ,blue | circle | geometric,blue circle
ğŸ,checkered | chequered | chequered flag | racing,chequered flag
ğŸš©,post | triangular flag,triangular flag
ğŸŒ,celebration | cross | crossed | crossed flags | Japanese,crossed flags
ğŸ´,black flag | waving,black flag
ğŸ³,waving | white flag,white flag
ğŸ³â€ğŸŒˆ,rainbow | rainbow flag,rainbow flag
